id,title,file_name,created_at,description
1,Boxing Gloves,001.BoxingGloves.jpg,1642532286,
2,Rabbit Trap,002.RabbitTrap.jpg,1642549896,
3,Tittyface Banker,003.TittyfaceBanker.jpg,1642601515,
4,Penis Marimba,004.PenisMarimba.jpg,1642602657,
5,Samaritans,005.Samaritans.jpg,1642625918,
6,Steppin Thru,006.SteppinThru.jpg,1642626562,
7,Aging,007.Aging.jpg,1642627176,
8,Big Neck Man,008.BigNeckMan.jpg,1642630450,
9,M R I Machine,009.MRIMachine.jpg,1642638267,
10,Absent Father,010.AbsentFather.jpg,1642713030,
11,Jacking In,011.JackingIn.jpg,1642716311,
12,Big Incisors Support Group,012.BigIncisorsSupportGroup.jpg,1642728746,
13,Hole,013.Hole.jpg,1642773640,
14,Hats,014.Hats.jpg,1642778204,
15,The True Intimacy,015.TheTrueIntimacy.jpg,1642786607,
16,Glory Hole,016.GloryHole.jpg,1642793543,
17,Top Leg,017.TopLeg.jpg,1642804786,
18,Peehole Surfer,018.PeeholeSurfer.jpg,1642813570,
19,Distended,019.Distended.jpg,1642863715,
20,Low Five,020.LowFive.jpg,1642946244,
21,Ghost Place,021.GhostPlace.jpg,1642949028,
22,Memberthe Titans,022.MembertheTitans.jpg,1642950482,
23,Thumbnail,023.Thumbnail.jpg,1643027941,
24,Asstower,024.Asstower.jpg,1643120854,
25,Heads Together,025.HeadsTogether.jpg,1643122355,
26,Super Saiyan,026.SuperSaiyan.jpg,1643136702,
27,Virtual Reality,027.VirtualReality.jpg,1643142527,
28,Gravesite,028.Gravesite.jpg,1643146919,
29,Foot Guy,029.FootGuy.jpg,1643316550,
30,Owls,030.Owls.jpg,1643316877,
31,Wellness Coach,031.WellnessCoach.jpg,1643326572,
32,Flare In Peace,032.FlareInPeace.jpg,1643336285,
33,The Ear,033.TheEar.jpg,1643336552,
34,Acid,034.Acid.jpg,1643476465,
35,Human Rights,035.HumanRights.jpg,1643486160,
36,ADHD,036.ADHD.jpg,1643486306,
37,Orgasm,037.Orgasm.jpg,1643494228,
38,Penis Tuxes,038.PenisTuxes.jpg,1643495887,
39,Skateboard Folly,039.SkateboardFolly.jpg,1643546467,
40,Productive,040.Productive.jpg,1643546797,
41,Man With Nail In Foot,041.ManWithNailInFoot.jpg,1643665496,
42,Biting,042.Biting.jpg,1643665621,
43,Clit Bass,043.ClitBass.jpg,1643728009,
44,Unhappy,044.Unhappy.jpg,1643728145,
45,Breastloop,045.Breastloop.jpg,1643756063,
46,The Auteur,046.TheAuteur.jpg,1643813260,
47,The In Crowd,047.TheInCrowd.jpg,1643813492,
48,Family Therapy,048.FamilyTherapy.jpg,1643897994,
49,Pack Of Dicks,049.PackOfDicks.jpg,1643901573,
50,Flaccid,050.Flaccid.jpg,1643922727,
51,Dog,051.Dog.jpg,1643927413,
52,The Powder Monster,052.ThePowderMonster.jpg,1643987202,
53,The Wave,053.TheWave.jpg,1643990202,
54,Saxophone,054.Saxophone.jpg,1644010928,
55,Finesse,055.Finesse.jpg,1644011541,
56,Charisma,056.Charisma.jpg,1644014469,
57,Detective,057.Detective.jpg,1644067789,
58,Gentrification,058.Gentrification.jpg,1644076443,
59,Podcast,059.Podcast.jpg,1644076614,
60,Johnny Relatable,060.JohnnyRelatable.jpg,1644103579,
61,Burner,061.Burner.jpg,1644180183,
62,Undercover,062.Undercover.jpg,1644191306,
63,All Head,063.AllHead.jpg,1644243617,
64,Meemaw,064.Meemaw.jpg,1644244239,
65,Context,065.Context.jpg,1644262818,
66,Salesman,066.Salesman.jpg,1644278446,
67,Cat,067.Cat.jpg,1644319475,
68,Say It With Cum,068.SayItWithCum.jpg,1644320379,
69,Israeli Dildo,069.IsraeliDildo.jpg,1644333588,
70,Crab,070.Crab.jpg,1644410816,
71,Gary Riffs,071.GaryRiffs.jpg,1644415769,
72,Winner Mindset,072.WinnerMindset.jpg,1644417026,
73,Never Heard Of Hitler,073.NeverHeardOfHitler.jpg,1644419628,
74,Prolapse,074.Prolapse.jpg,1644490199,
75,First Gay Porn,075.FirstGayPorn.jpg,1644493331,
76,Stigmata,076.Stigmata.jpg,1644521531,
77,Warrior,077.Warrior.jpg,1644589119,
78,Tell,078.Tell.jpg,1644593056,
79,Tiny Fists,079.TinyFists.jpg,1644618980,
80,Windowlicker,080.Windowlicker.jpg,1644628792,
81,The Hedgehogs Dilemma,081.TheHedgehogsDilemma.jpg,1644667335,
82,Dungeons & Penis,082.Dungeons&Penis.jpg,1644674195,
83,Par For The Corpse,083.ParForTheCorpse.jpg,1644694723,
84,Grinds My Gears,084.GrindsMyGears.jpg,1644865138,
85,Needles In Dick Simulator,085.NeedlesInDickSimulator.jpg,1644867540,
86,Pussyheads,086.Pussyheads.jpg,1644919013,
87,Blow Culture,087.BlowCulture.jpg,1644929702,
88,Focus,088.Focus.jpg,1644940124,
89,World Of Pleasure,089.WorldOfPleasure.jpg,1644956120,
90,The Butter Kid,090.TheButterKid.jpg,1645021231,
91,Penis Acting,091.PenisActing.jpg,1645025003,
92,Human Mode,092.HumanMode.jpg,1645025917,
93,Shes Off Her Meds,093.ShesOffHerMeds.jpg,1645042416,
94,From The Ocean At Night,094.FromTheOceanAtNight.jpg,1645062003,
95,Temptation,095.Temptation.jpg,1645113869,
96,Swingset,096.Swingset.jpg,1645121338,
97,Violinist,097.Violinist.jpg,1645124478,
98,Catboy Streamer,098.CatboyStreamer.jpg,1645127184,
99,Yohoho,099.Yohoho.jpg,1645192004,
100,Anal Probe,100.AnalProbe.jpg,1645200622,
101,The Classics,101.TheClassics.jpg,1645216763,
102,Sense Of Wonder,102.SenseOfWonder.jpg,1645217012,
103,You Are Being Hunted,103.YouAreBeingHunted.jpg,1645218754,
104,The Long Dudes,104.TheLongDudes.jpg,1645227215,
105,Cold War With Jeff,105.ColdWarWithJeff.jpg,1645279992,
106,Circle On You,106.CircleOnYou.jpg,1645282434,
107,Talking Fists,107.TalkingFists.jpg,1645446126,
108,Beirut,108.Beirut.jpg,1645447453,
109,Kevin,109.Kevin.jpg,1645449029,
110,Dulcimer,110.Dulcimer.jpg,1645535269,
111,Big Eyes Tony,111.BigEyesTony.jpg,1645569575,
112,The Assthief,112.TheAssthief.jpg,1645569754,
113,Gullwing Doors,113.GullwingDoors.jpg,1645631563,
114,Autoerotic Asphyxiation,114.AutoeroticAsphyxiation.jpg,1645632985,
115,Soothe The Beast,115.SootheTheBeast.jpg,1645643656,
116,Folk Punk,116.FolkPunk.jpg,1645644163,
117,Smoker,117.Smoker.jpg,1645715905,
118,Cuckold,118.Cuckold.jpg,1645717244,
119,Choke,119.Choke.jpg,1645739140,
120,The Picker,120.ThePicker.jpg,1645754464,
121,Lifehole,121.Lifehole.jpg,1645794070,
122,Tumor,122.Tumor.jpg,1645806200,
123,Space Oddity,123.SpaceOddity.jpg,1645807440,
124,Reference,124.Reference.jpg,1645809782,
125,Cum Magician,125.CumMagician.jpg,1645885518,
126,Therapy Rotisserie,126.TherapyRotisserie.jpg,1645887669,
127,Bus To Rochester,127.BusToRochester.jpg,1645909056,
128,Mystery Gang,128.MysteryGang.jpg,1645963524,
129,Simulation,129.Simulation.jpg,1645972047,
130,Space Burger,130.SpaceBurger.jpg,1645997155,
131,Hostile Riffs,131.HostileRiffs.jpg,1646044119,
132,Dick On Your Shoulder,132.DickOnYourShoulder.jpg,1646054381,
133,The Real Asshole,133.TheRealAsshole.jpg,1646063185,
134,Crying Frogs,134.CryingFrogs.jpg,1646083908,
135,Dog Stuff,135.DogStuff.jpg,1646145197,
136,Cloudland,136.Cloudland.jpg,1646150517,
137,Wandering Ronin,137.WanderingRonin.jpg,1646168388,
138,The Treachery Of The Treachery Of Images,138.TheTreacheryOfTheTreacheryOfImages.jpg,1646174467,
139,Foreskin Phantom,139.ForeskinPhantom.jpg,1646235989,
140,Ropeburn,140.Ropeburn.jpg,1646248620,
141,Capybara Walden,141.CapybaraWalden.jpg,1646253664,
142,The True Cross,142.TheTrueCross.jpg,1646311665,
143,Gay Snakes,143.GaySnakes.jpg,1646312737,
144,Shit Eating Dave,144.ShitEatingDave.jpg,1646403584,
145,Wurlitzer Hero,145.WurlitzerHero.jpg,1646424129,
146,Gordian Knot,146.GordianKnot.jpg,1646428131,
147,Towel Rack,147.TowelRack.jpg,1646511796,
148,Optimistic,148.Optimistic.jpg,1646518668,
149,Robocall,149.Robocall.jpg,1646571896,
150,Diet Coke,150.DietCoke.jpg,1646575282,
151,Sundial,151.Sundial.jpg,1646664075,
152,First Time,152.FirstTime.jpg,1646665867,
153,Evangelion,153.Evangelion.jpg,1646739759,
154,Period Piece,154.PeriodPiece.jpg,1646750352,
155,Heterosexual Porn,155.HeterosexualPorn.jpg,1646772559,
156,Most Burned Penis,156.MostBurnedPenis.jpg,1646857052,
157,This Is Sparta,157.ThisIsSparta.jpg,1646861763,
158,Sniff The Cork,158.SniffTheCork.jpg,1646924922,
159,Charlie The Asexual,159.CharlieTheAsexual.jpg,1646926480,
160,Missy,160.Missy.jpg,1646940656,
161,Spite,161.Spite.jpg,1647021763,
162,Drum Set,162.DrumSet.jpg,1647027544,
163,Prodigal Husband,163.ProdigalHusband.jpg,1647040599,
164,Bricked Up,164.BrickedUp.jpg,1647087612,
165,En Pointe,165.EnPointe.jpg,1647087313,
166,The Majesty Of His Vision,166.TheMajestyOfHisVision.jpg,1647112316,
167,Fire Crotch,167.FireCrotch.jpg,1647185021,
168,Open Plan Office,168.OpenPlanOffice.jpg,1647212169,
169,Best Restaurant In Philadelphia,169.BestRestaurantInPhiladelphia.jpg,1647216646,
170,Cat Part Two,170.CatPartTwo.jpg,1647270833,
171,Satire,171.Satire.jpg,1647284218,
172,Boston Guy Trying To Be PC,172.BostonGuyTryingToBePC.jpg,1647287724,
173,Earthworm King Solomon,173.EarthwormKingSolomon.jpg,1647354644,
174,Completion Clarity,174.CompletionClarity.jpg,1647361487,
175,Theremin,175.Theremin.jpg,1647376088,
176,The Face Of The Creator,176.TheFaceOfTheCreator.jpg,1647432952,
177,Avatar State,177.AvatarState.jpg,1647439587,
178,Analog Synth,178.AnalogSynth.jpg,1647442721,
179,Chuffed,179.Chuffed.jpg,1647453710,
180,Reply Guy No More,180.ReplyGuyNoMore.jpg,1647519808,
181,Harp,181.Harp.jpg,1647552054,
182,Cockpit,182.Cockpit.jpg,1647564978,
183,Lost Episode Of Arthur,183.LostEpisodeOfArthur.jpg,1647604116,
184,Shipwreck,184.Shipwreck.jpg,1647621874,
185,Checkers,185.Checkers.jpg,1647695444,
186,Harvey'S Novelty Mirkins,186.Harvey'sNoveltyMirkins.jpg,1647698087,
187,Programmer Socks,187.ProgrammerSocks.jpg,1647701702,
188,Suicide Prevention Expert,188.SuicidePreventionExpert.jpg,1647723436,
189,Montreal Style Bagels,189.MontrealStyleBagels.jpg,1647734029,
190,Sven,190.Sven.jpg,1647781651,
191,Asshole Inspector,191.AssholeInspector.jpg,1647787317,
192,Dammit Alan,192.DammitAlan.jpg,1647793142,
193,Shaving Your Pubes,193.ShavingYourPubes.jpg,1647813092,
194,The Talk Show With Jimmy Fallus,194.TheTalkShowWithJimmyFallus.jpg,1647869250,
195,I Love My Dog,195.ILoveMyDog.jpg,1647883541,
196,Lapland,196.Lapland.jpg,1647905128,
197,Master And Commander,197.MasterAndCommander.jpg,1647965581,
198,Limp Biscuit,198.LimpBiscuit.jpg,1647992250,
199,Leonard,199.Leonard.jpg,1648040953,
200,Male Body Wash,200.MaleBodyWash.jpg,1648058848,
201,Better Call Baudrillard,201.BetterCallBaudrillard.jpg,1648066630,
202,Myers Briggs Test,202.MyersBriggsTest.jpg,1648126611,
203,Mandela Effect,203.MandelaEffect.jpg,1648135341,
204,Sneakers,204.Sneakers.jpg,1648137797,
205,Flannery O Connor,205.FlanneryOConnor.jpg,1648159145,
206,Baseball,206.Baseball.jpg,1648217408,
207,Lasso,207.Lasso.jpg,1648241800,
208,Proof,208.Proof.jpg,1648243857,
209,Pass The Aux,209.PassTheAux.jpg,1648295167,
210,Small Town Chums,210.SmallTownChums.jpg,1648304391,
211,Exposed Brick,211.ExposedBrick.jpg,1648331312,
212,The Dream Of A Mediocre Man,212.TheDreamOfAMediocreMan.jpg,1648344673,
213,Test Tube Baby,213.TestTubeBaby.jpg,1648383496,
214,Shoe Guys,214.ShoeGuys.jpg,1648426889,
215,Separation,215.Separation.jpg,1648478992,
216,Bag Of Peanuts,216.BagOfPeanuts.jpg,1648481362,
217,Ironically Rude,217.IronicallyRude.jpg,1648493131,
218,Slap,218.Slap.jpg,1648504591,
219,The Penis Signal,219.ThePenisSignal.jpg,1648558075,
220,Diagram,220.Diagram.jpg,1648567932,
221,Runaway,221.Runaway.jpg,1648569532,
222,Reparations,222.Reparations.jpg,1648642952,
223,Pagliacci,223.Pagliacci.jpg,1648665169,
224,She- Ra,224.She-Ra.jpg,1648668817,
225,Death Of The Author,225.DeathOfTheAuthor.jpg,1648677001,
226,Gay God,226.GayGod.jpg,1648741394,
227,The Triborough Bridge,227.TheTriboroughBridge.jpg,1648743786,
228,Jack Skellingtons,228.JackSkellingtons.jpg,1648753761,
229,Trans Day Of Visibility,229.TransDayOfVisibility.jpg,1648757383,
230,Wine Kathy,230.WineKathy.jpg,1648820431,
231,Choke Kathy,231.ChokeKathy.jpg,1648825823,
232,The Death Of Kathy 1,232.TheDeathOfKathy1.jpg,1648847357,
233,The Death Of Kathy 2,233.TheDeathOfKathy2.jpg,1648847450,
234,The Death Of Kathy 3,234.TheDeathOfKathy3.jpg,1648847532,
235,The Death Of Kathy 4,235.TheDeathOfKathy4.jpg,1648847611,
236,Commissions Open,236.CommissionsOpen.jpg,1648916947,
237,Brood,237.Brood.jpg,1648944858,
238,Physics,238.Physics.jpg,1648946978,
239,Turnstile,239.Turnstile.jpg,1648998751,
240,T4T,240.T4T.jpg,1649017604,
241,Debate Me Coward,241.DebateMeCoward.jpg,1649023897,
242,BBC Pitch Meeting,242.BBCPitchMeeting.jpg,1649083669,
243,The Wrath Of The Wizard,243.TheWrathOfTheWizard.jpg,1649086270,
244,Jacket From Drive,244.JacketFromDrive.jpg,1649106504,
245,Small Penis Club,245.SmallPenisClub.jpg,1649109138,
246,Propeller,246.Propeller.jpg,1649158739,
247,Courtesy Fave,247.CourtesyFave.jpg,1649164845,
248,Breast Feds,248.BreastFeds.jpg,1649169511,
249,Whiskey Sour,249.WhiskeySour.jpg,1649202140,
250,Jaded Army Recruits,250.JadedArmyRecruits.jpg,1649203326,
251,Psychiatrist,251.Psychiatrist.jpg,1649208154,
252,The Noble Centaur,252.TheNobleCentaur.jpg,1649246929,
253,Track Marks,253.TrackMarks.jpg,1649249901,
254,Visitor,254.Visitor.jpg,1649345048,
255,Wild Torso,255.WildTorso.jpg,1649359606,
256,Onii Chan,256.OniiChan.jpg,1649366535,
257,Ass In A Blender,257.AssInABlender.jpg,1649370547,
258,AGP,258.AGP.jpg,1649376341,
259,Band Geek Gang War,259.BandGeekGangWar.jpg,1649417215,
260,The Loss World,260.TheLossWorld.jpg,1649422274,
261,Crymaxxing,261.Crymaxxing.jpg,1649515544,
262,Performer,262.Performer.jpg,1649519251,
263,Whistle A Mindless Tune,263.WhistleAMindlessTune.jpg,1652297409,
264,Coping Mechanism,264.CopingMechanism.jpg,1649621872,
265,Be Yourself,265.BeYourself.jpg,1649625767,
266,Trinity Limit,266.TrinityLimit.jpg,1649638948,
267,Edwardhandhands,267.Edwardhandhands.jpg,1649695221,
268,Bechdel Test,268.BechdelTest.jpg,1649709706,
269,Basic,269.Basic.jpg,1649762350,
270,Penis Day,270.PenisDay.jpg,1649766479,
271,Black Barbershop,271.BlackBarbershop.jpg,1649777178,
272,Career In Media,272.CareerInMedia.jpg,1649854464,
273,Existential Detective,273.ExistentialDetective.jpg,1649875048,
274,Shallow Grave,274.ShallowGrave.jpg,1649935465,
275,Naruto,275.Naruto.jpg,1649938320,
276,Humancon,276.Humancon.jpg,1649944347,
277,Aquarium Jeff,277.AquariumJeff.jpg,1649948274,
278,The Drywall Dimension,278.TheDrywallDimension.jpg,1650023152,
279,Jimmy Smits,279.JimmySmits.jpg,1650027852,
280,Meanwhile,280.Meanwhile.jpg,1650053118,
281,Floater,281.Floater.jpg,1650139719,
282,Eiffel Tower,282.EiffelTower.jpg,1650142257,
283,The Cross,283.TheCross.jpg,1650199469,
284,Resurrection,284.Resurrection.jpg,1650201101,
285,Fathers Wish,285.FathersWish.jpg,1650296208,
286,Oysters,286.Oysters.jpg,1650300305,
287,Perjorative,287.Perjorative.jpg,1650325348,
288,Nerd,288.Nerd.jpg,1650453701,
289,Its Not Addictive,289.ItsNotAddictive.jpg,1650461169,
290,Paper Football Superbowl,290.PaperFootballSuperbowl.jpg,1650476543,
291,Convert,291.Convert.jpg,1650481935,
292,Hollywood Body,292.HollywoodBody.jpg,1650547643,
293,Weird Al,293.WeirdAl.jpg,1650551305,
294,Cancellation,294.Cancellation.jpg,1650640442,
295,Suck This Titty,295.SuckThisTitty.jpg,1650659227,
296,Hurt,296.Hurt.jpg,1650716738,
297,Only Fans,297.OnlyFans.jpg,1650751423,
298,IDF Inspector Gadget,298.IDFInspectorGadget.jpg,1650814380,
299,Two Evils,299.TwoEvils.jpg,1650825287,
300,Spoonman,300.Spoonman.jpg,1650828313,
301,Waldo,301.Waldo.jpg,1650836927,
302,Metamorphosis,302.Metamorphosis.jpg,1650887391,
303,The Masturbating Comedian Comeback Tour,303.TheMasturbatingComedianComebackTour.jpg,1650917445,
304,Xenomorph,304.Xenomorph.jpg,1650922111,
305,Black Lodge,305.BlackLodge.jpg,1650925302,
306,I Like To Sleep With The Window Open In Winter,306.ILikeToSleepWithTheWindowOpenInWinter.jpg,1650992807,
307,The Eye,307.TheEye.jpg,1651017093,
308,Emotional Labour,308.EmotionalLabour.jpg,1651065406,
309,Bouldering,309.Bouldering.jpg,1651096683,
310,One Piece,310.OnePiece.jpg,1651098763,
311,Night Coffee,311.NightCoffee.jpg,1651100150,
312,Kim Deal And Frank Black Arguing,312.KimDealAndFrankBlackArguing.jpg,1651102292,
313,Johnny Goatpupils,313.JohnnyGoatpupils.jpg,1651147917,
314,Tough Jews,314.ToughJews.jpg,1651159386,
315,Mid,315.Mid.jpg,1651233541,
316,Synthesizer,316.Synthesizer.jpg,1651241154,
317,Penetration Test,317.PenetrationTest.jpg,1651243816,
318,Max Cunningham Spy Pig,318.MaxCunninghamSpyPig.jpg,1651326666,
319,Nap,319.Nap.jpg,1651346036,
320,The Sounds of Silence,320.TheSoundsofSilence.jpg,1651402262,
321,Turntable,321.Turntable.jpg,1651405580,
322,Peter,322.Peter.jpg,1651496360,
323,The Met Gala,323.TheMetGala.jpg,1651519694,
324,Cigar Revolution,324.CigarRevolution.jpg,1651589371,
325,Vote,325.Vote.jpg,1651595815,
326,I'm Happier Like This,326.I'mHappierLikeThis.jpg,1651633484,
327,Smoke Rings,327.SmokeRings.jpg,1651668248,
328,Sluggo Mode,328.SluggoMode.jpg,1651676104,
329,Symbiotes,329.Symbiotes.jpg,1651678331,
330,Biblically Accurate Angel,330.BiblicallyAccurateAngel.jpg,1651716086,
331,For Keith John Stack,331.ForKeithJohnStack.jpg,1651752748,
332,Multiverse,332.Multiverse.jpg,1651778663,
333,Let's Smoke Crack,333.Let'sSmokeCrack.jpg,1651791892,
334,Targeted Advertising,334.TargetedAdvertising.jpg,1651794764,
335,Disney Adult,335.DisneyAdult.jpg,1651802611,
336,How Are You Tonight,336.HowAreYouTonight.jpg,1651810020,
337,Redneck Lament,337.RedneckLament.jpg,1651839927,
338,Apology,338.Apology.jpg,1651843838,
339,Gravy,339.Gravy.jpg,1651853254,
340,Fingerboard,340.Fingerboard.jpg,1651881562,
341,Journey,341.Journey.jpg,1651947042,
342,Rudolph,342.Rudolph.jpg,1651961128,
343,Flesh Tool,343.FleshTool.jpg,1651964452,
344,The Birth of Penis,344.TheBirthofPenis.jpg,1652014815,
345,Mercantilism,345.Mercantilism.jpg,1652017613,
346,Warning,346.Warning.jpg,1652042129,
347,Home Made,347.HomeMade.jpg,1652048088,
348,Chewing Tobacco,348.ChewingTobacco.jpg,1652109875,
349,Empty Pringles Cannister,349.EmptyPringlesCannister.jpg,1652133221,
350,The Nostalgia Critic,350.TheNostalgiaCritic.jpg,1652267458,
351,Mug of Shit,351.MugOfShit.jpg,1652314546,
352,Emergency,352.Emergency.jpg,1652195220,
353,Junji Ito Enjoying a Nice Beer,353.JunjiItoEnjoyingANiceBeer.jpg,1652357991,
354,Transparency,354.Transparency.jpg,1652386326,
355,Whistling Noise,355.WhistlingNoise.jpg,1652391126,
356,Dreamworks Face,356.DreamworksFace.jpg,1652392654,
357,Condiment Crew,357.CondimentCrew.jpg,1652443683,
358,Live Human Sacrifice,358.LiveHumanSacrifice.jpg,1652453523,
359,Meddling Kids,359.MeddlingKids.jpg,1652553411,
360,Danzig,360.Danzig.jpg,1652557265,
361,Tough Frogs,361.ToughFrogs.jpg,1652559332,
362,Breaking Bad,362.BreakingBad.jpg,1652570135,
363,Series Of Hard Opinions,363.SeriesOfHardOpinions.jpg,1652624405,
364,Cat Disposing Of Body,364.CatDisposingOfBody.jpg,1652652333,
365,Constructive Criticism,365.ConstructiveCriticism.jpg,1652703932,
366,The Silence Of My Ass,366.TheSilenceOfMyAss.jpg,1652724403,
367,Let'S Play Halo,367.Let'sPlayHalo.jpg,1652725277,
368,Whoop Whoop,368.WhoopWhoop.jpg,1652794860,
369,Pure Energy,369.PureEnergy.jpg,1652829942,
370,Fusion Dance,370.FusionDance.jpg,1652877948,
371,Misplaced,371.Misplaced.jpg,1652892653,
372,Country Gal,372.CountryGal.jpg,1652965910,
373,Cat In Tree,373.CatInTree.jpg,1652969254,
374,Ribs Removed,374.RibsRemoved.jpg,1653055498,
375,Press Pass,375.PressPass.jpg,1653056603,
376,Blue Hair And Pronouns,376.BlueHairAndPronouns.jpg,1653133002,
377,Competitive Hugging,377.CompetitiveHugging.jpg,1653144336,
378,Mark Wahlberg,378.MarkWahlberg.jpg,1653221829,
379,Shock Therapy,379.ShockTherapy.jpg,1653248131,
380,Necronomicon,380.Necronomicon.jpg,1653311190,
381,Mystery of Amigaras Fault,381.MysteryofAmigarasFault.jpg,1653317734,
382,Generalissimo Kermit,382.GeneralissimoKermit.jpg,1653320994,
383,Mental Breakdancing,383.MentalBreakdancing.jpg,1653326233,
384,Big Dick Hockey,384.BigDickHockey.jpg,1653393406,
385,Musical,385.Musical.jpg,1653394988,
386,The Artist Community,386.TheArtistCommunity.jpg,1653479002,
387,Wiseass Kid,387.WiseassKid.jpg,1653487258,
388,The Consent Puppet,388.TheConsentPuppet.jpg,1653522520,
389,Terrible Things Keep Happening,389.TerribleThingsKeepHappening.jpg,1653529186,
390,I'M High As Hell and I'm Reading Your Tweets,390.I'mHighAsHellandI'mReadingYourTweets.jpg,1653604784,
391,Painful Choice,391.PainfulChoice.jpg,1653657093,
392,Saint Bernards,392.SaintBernards.jpg,1653696900,
393,God of Comedy,393.GodofComedy.jpg,1653749304,
394,Quarterly Report,394.QuarterlyReport.jpg,1653753974,
395,Fin,395.Fin.jpg,1653825638,
396,Sad Kirby,396.SadKirby.jpg,1653862989,
397,The Seventh Seal,397.TheSeventhSeal.jpg,1653912143,
398,Pinhead Makes A Birdhouse For His Mum,398.PinheadMakesABirdhouseForHisMum.jpg,1653916661,
399,Independent George,399.IndependentGeorge.jpg,1653922305,
400,Al Paci-Gnome,400.AlPaci-gnome.jpg,1653950882,
401,Reclining Figure,401.RecliningFigure.jpg,1653952319,
402,Bit of Cum,402.BitofCum.jpg,1654009288,
403,Ecce Homer,403.EcceHomer.jpg,1654011104,
404,It's the Real Thing,404.It'stheRealThing.jpg,1654094058,
405,Drag Queen Story Hour,405.DragQueenStoryHour.jpg,1654094292,
406,Frontpuff,406.Frontpuff.jpg,1654167766,
407,Trans Cactus,407.TransCactus.jpg,1654170995,
408,Vancouvers Finest,408.VancouversFinest.jpg,1654175106,
409,Fight Club,409.FightClub.jpg,1654258312,
410,Motorcycle And Sidecar,410.MotorcycleAndSidecar.jpg,1654265672,
411,How Deep Does It Go,411.HowDeepDoesItGo.jpg,1654348094,
412,Keyed Up,412.KeyedUp.jpg,1654351990,
413,Every Night The Other Man Leaves My Body,413.EveryNightTheOtherManLeavesMyBody.jpg,1654429506,
414,Another Podcast,414.AnotherPodcast.jpg,1654433519,
415,So Hungover,415.SoHungover.jpg,1654519677,
416,Big Tent,416.BigTent.jpg,1654520763,
417,Rescue Rangers,417.RescueRangers.jpg,1654530163,
418,Switch,418.Switch.jpg,1654607162,
419,Ah Hamlet,419.AhHamlet.jpg,1654615932,
420,Jumper Cables,420.JumperCables.jpg,1654618148,
421,Plorfles,421.Plorfles.jpg,1654700523,
422,Comedian Hunter,422.ComedianHunter.jpg,1654702959,
423,Stinkbreath,423.Stinkbreath.jpg,1654707029,
424,Bad Aim,424.BadAim.jpg,1654709119,
425,Tina,425.Tina.jpg,1654729513,
426,Pale Horse,426.PaleHorse.jpg,1654735789,
427,Mass of Goo,427.MassofGoo.jpg,1654774852,
428,Nostalgic,428.Nostalgic.jpg,1654777215,
429,Sex Robot,429.SexRobot.jpg,1654783303,
430,Cum Brothers Four Life,430.CumBrothersFourLife.jpg,1654793798,
431,Bernie,431.Bernie.jpg,1654803636,
432,Confessional Booth,432.ConfessionalBooth.jpg,1654864094,
433,Grenade,433.Grenade.jpg,1654872597,
434,Liver,434.Liver.jpg,1654876686,
435,Menhirs,435.Menhirs.jpg,1654956084,
436,Pussy Is Mid,436.PussyIsMid.jpg,1654959733,
437,Media Literacy,437.MediaLiteracy.jpg,1655030790,
438,Bill Gapes,438.BillGapes.jpg,1655038417,
439,Hear The Ocean,439.HearTheOcean.jpg,1655123020,
440,Like A Cat Would,440.LikeACatWould.jpg,1655125032,
441,Creeps,441.Creeps.jpg,1655127053,
442,Peaking,442.Peaking.jpg,1655139046,
443,Tenting Fingers,443.TentingFingers.jpg,1655219769,
444,Creativity,444.Creativity.jpg,1655257222,
445,Mandolin,445.Mandolin.jpg,1655298844,
446,Jazz & Hentai,446.Jazz&Hentai.jpg,1655302401,
447,Competitive Jester,447.CompetitiveJester.jpg,1655309333,
448,He Knows Where The Bodies Are Buried,448.HeKnowsWhereTheBodiesAreBuried.jpg,1655388529,
449,Strike,449.Strike.jpg,1655391286,
450,Farting Tap Shoes,450.FartingTapShoes.jpg,1655472007,
451,Pissplay,451.Pissplay.jpg,1655476143,
452,Microplastics,452.Microplastics.jpg,1655479624,
453,Reacharound,453.Reacharound.jpg,1655481621,
454,Pizza Roll,454.PizzaRoll.jpg,1655563022,
455,The Red Sea,455.TheRedSea.jpg,1655644062,
456,Bussy,456.Bussy.jpg,1655646796,
457,Globalists,457.Globalists.jpg,1655734012,
458,I Enjoy The Heat,458.IEnjoyTheHeat.jpg,1655818935,
459,Deep Fry,459.DeepFry.jpg,1655820770,
460,Masturbating At Work,460.MasturbatingAtWork.jpg,1655898132,
461,John Hinckley Jr,461.JohnHinckleyJr.jpg,1655901414,
462,Mirage,462.Mirage.jpg,1655905495,
463,Protest Sign,463.ProtestSign.jpg,1655948454,
464,Semaphore,464.Semaphore.jpg,1655990210,
465,Treats,465.Treats.jpg,1655994069,
466,Tragedy,466.Tragedy.jpg,1656072861,
467,Algorithm,467.Algorithm.jpg,1656160320,
468,Vascular,468.Vascular.jpg,1656171985,
469,The Merry Wheel,469.TheMerryWheel.jpg,1656246420,
470,The Smol Anxiety Bean,470.TheSmolAnxietyBean.jpg,1656267117,
471,Smol Anxiety Bean Versus Alcoholism,471.SmolAnxietyBeanVersusAlcoholism.jpg,1656268055,
472,Problem,472.Problem.jpg,1656281786,
473,Car Trouble,473.CarTrouble.jpg,1656344012,
474,Forgotten Name,474.ForgottenName.jpg,1656362728,
475,Clown Tampon,475.ClownTampon.jpg,1656427277,
476,Hypocrite,476.Hypocrite.jpg,1656511830,
477,Godzilla,477.Godzilla.jpg,1656515318,
478,Zeus,478.Zeus.jpg,1656599936,
479,Practicing Mindfulness,479.PracticingMindfulness.jpg,1656601882,
480,Home Chomsky,480.HomeChomsky.jpg,1656618863,
481,5-Over-1,481.5-Over-1.jpg,1656695547,
482,Last Day At Penis Club,482.LastDayAtPenisClub.jpg,1656701916,
483,Beehive,483.Beehive.jpg,1656763981,
484,Dr Billy Joel,484.DrBillyJoel.jpg,1656765551,
485,Forrest Gump Parody,485.ForrestGumpParody.jpg,1656767190,
486,First Person Shooter,486.FirstPersonShooter.jpg,1656870095,
487,Handbag,487.Handbag.jpg,1656871822,
488,Seasoning,488.Seasoning.jpg,1656945386,
489,Septum Piercing,489.SeptumPiercing.jpg,1656948042,
490,Hentai Artist Meetup,490.HentaiArtistMeetup.jpg,1656953121,
491,Mario,491.Mario.jpg,1657023623,
492,Killbert,492.Killbert.jpg,1657114102,
493,Bodega Discourse,493.BodegaDiscourse.jpg,1657121787,
494,Teleportation Experiment,494.TeleportationExperiment.jpg,1657210495,
495,Motivational Comic,495.MotivationalComic.jpg,1657214503,
496,Mankindn' Me,496.Mankindn'Me.jpg,1657217459,
497,Vore Couple,497.VoreCouple.jpg,1657289658,
498,Thinking Cap,498.ThinkingCap.jpg,1657292548,
499,Large Hardon Collider,499.LargeHardonCollider.jpg,1657295013,
500,Sound Off,500.SoundOff.jpg,1657299733,
501,Thriller,501.Thriller.jpg,1657382802,
502,Tournament Arc,502.TournamentArc.jpg,1657472306,
503,Long Line,503.LongLine.jpg,1657554593,
504,Summer Fun,504.SummerFun.jpg,1657561726,
505,Bangs,505.Bangs.jpg,1657571235,
506,Cosmos,506.Cosmos.jpg,1657637268,
507,A Journey Through Time And Space,507.AJourneyThroughTimeAndSpace.jpg,1657643028,
508,Paranoid Time 1,508.ParanoidTime1.jpg,1657736579,
509,Paranoid Time 2,509.ParanoidTime2.jpg,1657736630,
510,Paranoid Time 3,510.ParanoidTime3.jpg,1657736804,
511,Paranoid Time 4,511.ParanoidTime4.jpg,1657736878,
512,Beloved Father 1,512.BelovedFather1.jpg,1657821253,
513,Beloved Father 2,513.BelovedFather2.jpg,1657821333,
514,Beloved Father 3,514.BelovedFather3.jpg,1657821411,
515,Beloved Father 4,515.BelovedFather4.jpg,1657821611,
516,Conveyor Belt,516.ConveyorBelt.jpg,1657898103,
517,Between The Racks 1,517.BetweenTheRacks1.jpg,1657990647,
518,Between The Racks 2,518.BetweenTheRacks2.jpg,1657990797,
519,Between The Racks 3,519.BetweenTheRacks3.jpg,1657990991,
520,Between The Racks 4,520.BetweenTheRacks4.jpg,1657991069,
521,Birdhouse Man,521.Birdhouse Man.jpg,1658080745,
522,My Dog Is A Guy,522.MyDogIsAGuy.jpg,1658158244,
523,Where's The Penis,523.Where'sthepenis.jpg,1658179388,
524,Replicator,524.Replicator.jpg,1658234071,
525,Bisexual Erasure,525.BisexualErasure.jpg,1658240802,
526,Poultice,526.Poultice.jpg,1658332738,
527,Epic Atheism,527.EpicAtheism.jpg,1658337122,
528,Chalk Outline,528.ChalkOutline.jpg,1658348658,
529,Sexy Mesh Shirt,529.SexyMeshShirt.jpg,1658412887,
530,S Block,530.SBlock.jpg,1658416458,
531,Gorgeous Plating,531.GorgeousPlating.jpg,1658418003,
532,Baby Debate,532.BabyDebate.jpg,1658432967,
533,Purple Greens,533.PurpleGreens.jpg,1658499403,
534,Tetsuo The Tank Engine,534.TetsuoTheTankEngine.jpg,1658578202,
535,Tintin,535.Tintin.jpg,1658579961,
536,Standoff,536.Standoff.jpg,1658592608,
537,Favourite Relationship Dynamic,537.FavouriteRelationshipDynamic.jpg,1658665563,
538,Subwoofer,538.Subwoofer.jpg,1658679585,
539,Laundry,539.Laundry.jpg,1658762173,
540,Bees Knees,540.BeesKnees.jpg,1658764340,
541,Sisyphus,541.Sisyphus.jpg,1658840363,
542,Grocery Store Sample,542.GroceryStoreSample.jpg,1658844438,
543,Comb-Over,543.Comb-over.jpg,1658934521,
544,Shotgun,544.Shotgun.jpg,1658939295,
545,Henry Rollins Listening to Jazz Music,545.HenryRollinsListeningtoJazzMusic.jpg,1658941925,
546,Bloodbath,546.Bloodbath.jpg,1659020628,
547,Torn,547.Torn.jpg,1659023580,
548,Astrology,548.Astrology.jpg,1659028075,
549,Yodomy,549.Yodomy.jpg,1659196772,
550,Nathan,550.Nathan.jpg,1659036902,
551,Capable of Love,551.CapableofLove.jpg,1659047769,
552,Tuba Player,552.TubaPlayer.jpg,1659103852,
553,Security Blanket,553.SecurityBlanket.jpg,1659107683,
554,Generatin Content,554.GeneratinContent.jpg,1659196002,
555,Mom Comic,555.MomComic.jpg,1659215663,
556,Private Plane,556.PrivatePlane.jpg,1659270193,
557,Imposter Syndrome,557.ImposterSyndrome.jpg,1659296875,
558,Weird Specific Controversy,558.WeirdSpecificControversy.jpg,1659369748,
559,Imagination,559.Imagination.jpg,1659379219,
560,Body Image,560.BodyImage.jpg,1659452860,
561,Appraisal,561.Appraisal.jpg,1659473172,
562,Danny Carey,562.DannyCarey.jpg,1659529392,
563,Raging Semen,563.RagingSemen.jpg,1659562300,
564,Tight Grip,564.TightGrip.jpg,1659627971,
565,Columbo,565.Columbo.jpg,1659718586,
566,Ocean's 200:01,566.Ocean's200:01.jpg,1659743697,
567,Ocean's 200:02,567.Ocean's200:02.jpg,1659743894,
568,Ocean's 200:03,568.Ocean's200:03.jpg,1659744004,
569,Ocean's 200:04,569.Ocean's200:04.jpg,1659744101,
570,Ocean's 200:05,570.Ocean's200:05.jpg,1659744241,
571,Ocean's 200:06,571.Ocean's200:06.jpg,1659744335,
572,Ocean's 200:07,572.Ocean's200:07.jpg,1659744407,
573,Ocean's 200:08,573.Ocean's200:08.jpg,1659744489,
574,Ocean's 200:09,574.Ocean's200:09.jpg,1659744551,
575,Ocean's 200:10,575.Ocean's200:10.jpg,1659744621,
576,Ocean's 200:11,576.Ocean's200:11.jpg,1659744702,
577,Ocean's 200:12,577.Ocean's200:12.jpg,1659744748,
578,Ocean's 200:13,578.Ocean's200:13.jpg,1659744792,
579,Ocean's 200:14,579.Ocean's200:14.jpg,1659744833,
580,Ocean's 200:15,580.Ocean's200:15.jpg,1659744873,
581,Ocean's 200:16,581.Ocean's200:16.jpg,1659744915,
582,Ocean's 200:17,582.Ocean's200:17.jpg,1659744956,
583,Adult Lunchables,583.AdultLunchables.jpg,1659800875,
584,Theatre Is The Life Of You,584.TheatreIsTheLifeOfYou.jpg,1659883357,
585,Pop Psychology Book,585.PopPsychologyBook.jpg,1659973301,
586,Bibibibibi,586.Bibibibibi.jpg,1659976805,
587,Rupauls Drag Race,587.RupaulsDragRace.jpg,1660065962,
588,Character Composite,588.CharacterComposite.jpg,1660137022,
589,Youtube Star,589.YoutubeStar.jpg,1660144492,
590,Lagomorph,590.Lagomorph.jpg,1660218126,
591,Muriel,591.Muriel.jpg,1660218126,
592,How Are You,592.HowAreYou.jpg,1660218126,
593,Grief,593.Grief.jpg,1660218126,
594,Shame,594.Shame.jpg,1660218126,
595,The Modular Man 1,595.TheModularMan1.jpg,1660336322,
596,The Modular Man 2,596.TheModularMan2.jpg,1660336424,
597,The Modular Man 3,597.TheModularMan3.jpg,1660336505,
598,The Modular Man 4,598.TheModularMan4.jpg,1660336730,
599,The Modular Man 5,599.TheModularMan5.jpg,1660442179,
600,The Modular Man 6,600.TheModularMan6.jpg,1660442341,
601,The Modular Man 7,601.TheModularMan7.jpg,1660442473,
602,The Modular Man 8,602.TheModularMan8.jpg,1660442690,
603,The Modular Man 9,603.TheModularMan9.jpg,1660612063,
604,The Modular Man 10,604.TheModularMan10.jpg,1660612159,
605,The Modular Man 11,605.TheModularMan11.jpg,1660612354,
606,The Modular Man 12,606.TheModularMan12.jpg,1660612449,
607,The Serrated Knife 1,607.TheSerratedKnife1.jpg,1660864370,
608,The Serrated Knife 2,608.TheSerratedKnife2.jpg,1660864548,
609,The Serrated Knife 3,609.TheSerratedKnife3.jpg,1660864630,
610,The Serrated Knife 4,610.TheSerratedKnife4.jpg,1660864716,
611,The Serrated Knife 5,611.TheSerratedKnife5.jpg,1661034634,
612,The Serrated Knife 6,612.TheSerratedKnife6.jpg,1661034744,
613,The Serrated Knife 7,613.TheSerratedKnife7.jpg,1661034826,
614,The Serrated Knife 8,614.TheSerratedKnife8.jpg,1661034902,
615,The Serrated Knife 9,615.TheSerratedKnife9.jpg,1661291532,
616,The Serrated Knife 10,616.TheSerratedKnife10.jpg,1661291614,
617,The Serrated Knife 11,617.TheSerratedKnife11.jpg,1661291684,
618,The Serrated Knife 12,618.TheSerratedKnife12.jpg,1661291787,
619,Field of Sinew,619.FieldofSinew.jpg,1661206546,
620,Pokeball,620.Pokeball.jpg,1661346672,
621,Ratfucking,621.Ratfucking.jpg,1661451963,
622,Garlic Confit,622.GarlicConfit.jpg,1661454918,
623,The Universal Language,623.TheUniversalLanguage.jpg,1661528696,
624,"Clown College, 2001","624.ClownCollege,2001.jpg",1661599492,
625,Pube Jar,625.PubeJar.jpg,1661722046,
626,Hot Chicks,626.HotChicks.jpg,1661785884,
627,Yogi Reformed,627.YogiReformed.jpg,1661791563,
628,Kamehameha,628.Kamehameha.jpg,1661888133,
629,180-Degree Rule,629.180-DegreeRule.jpg,1661960387,
630,Art Tutorial,630.ArtTutorial.jpg,1661996414,
631,Vomit,631.Vomit.jpg,1662041964,
632,How I Prefer To Eat,632.HowIPreferToEat.jpg,1662123529,
633,Stooges,633.Stooges.jpg,1662209968,
634,Spirit Halloween,634.SpiritHalloween.jpg,1662213159,
635,Chaos Waldo,635.ChaosWaldo.jpg,1662325883,
636,Flight Risk,636.FlightRisk.jpg,1662334122,
637,Charlottes Web,637.CharlottesWeb.jpg,1662394475,
638,Adult Child of Divorce Batman,638.AdultChildofDivorceBatman.jpg,1662471906,
639,Late 19th Century Cheers,639.Late19thCenturyCheers.jpg,1662475146,
640,Anime,640.Anime.jpg,1662477433,
641,Void,641.Void.jpg,1662573625,
642,Irish Ladies,642.IrishLadies.jpg,1662645736,
643,Stretchy Ballsack,643.StretchyBallsack.jpg,1662663840,
644,Rain Man,644.RainMan.jpg,1662721784,
645,Goya,645.Goya.jpg,1662731262,
646,David And Goliath,646.DavidAndGoliath.jpg,1662736880,
647,Cast Iron Pan,647.CastIronPan.jpg,1662818014,
648,Knees Up In The Tub,648.KneesUpInTheTub.jpg,1662924340,
649,Exodia,649.Exodia.jpg,1662928991,
650,Katamari,650.Katamari.jpg,1662985183,
651,Breath Of The Wild,651.BreathOfTheWild.jpg,1663070166,
652,The Riddler,652.TheRiddler.jpg,1663158841,
653,Cum Wall,653.CumWall.jpg,1663250205,
654,Does He Remember,654.DoesHeRemember.jpg,1663276663,
655,Bait,655.Bait.jpg,1663332581,
656,Explaining Math To American Children,656.ExplainingMathToAmericanChildren.jpg,1663448210,
657,The Professor,657.TheProfessor.jpg,1663533444,
658,Vendetta,658.Vendetta.jpg,1663536270,
659,Payot,659.Payot.jpg,1663593615,
660,Body Worlds,660.BodyWorlds.jpg,1663682794,
661,Egg Shooters,661.EggShooters.jpg,1663685173,
662,Frankenstein,662.Frankenstein.jpg,1663707302,
663,Igor The Assistant,663.IgorTheAssistant.jpg,1663771459,
664,Igor Babysitter,664.IgorBabysitter.jpg,1663777201,
665,Igor And The Bear,665.IgorAndTheBear.jpg,1663866594,
666,Igor And Baba Yaga,666.IgorAndBabaYaga.jpg,1663954438,
667,Igor The Medic,667.Igor the Medic.jpg,1664038693,
668,Invested in Celebrity Relationships,668.InvestedinCelebrityRelationships.jpg,1664375326,
669,Neutral Milk Hotel,669.NeutralMilkHotel.jpg,1676471038,
670,Skinamarink,670.Skinamarink.jpg,1676556906,
671,Klan Rally,671.KlanRally.jpg,1676635571,
672,Glinner Origins,672.GlinnerOrigins.jpg,1676727902,
673,Broken Platform,673.BrokenPlatform.jpg,1676730423,
674,Short Prayer,674.ShortPrayer.jpg,1676819757,
675,Vtuber Hostage Situation,675.VtuberHostageSituation.jpg,1676913782,
676,Wolverine,676.Wolverine.jpg,1677007208,
677,Rodeo,677.Rodeo.jpg,1677090515,
678,Earthbound,678.Earthbound.jpg,1677185017,
679,Beer Order,679.BeerOrder.jpg,1677249910,
680,Scott Adams Masturbation Time,680.ScottAdamsMasturbationTime.jpg,1677359335,
681,Epic Bacon Guy,681.EpicBaconGuy.jpg,1677440605,
682,I Love You Hidetaka Miyazaki,682.ILoveYouHidetakaMiyazaki.jpg,1677512494,
683,GRRM,683.GRRM.jpg,1677598162,
684,What Would Samus Do,684.WhatWouldSamusDo.jpg,1677672648,
685,Daniel Day-Lewis,685.DanielDay-Lewis.jpg,1677765532,
686,Be Real,686.BeReal.jpg,1677770255,
687,Jackie Chan,687.JackieChan.jpg,1677870889,
688,Hall& Oates,688.Hall&Oates.jpg,1677949224,
689,Betrayal,689.Betrayal.jpg,1678139014,
690,Dog Cigarettes,690.DogCigarettes.jpg,1678139014,
691,You Create Yourself,691.YouCreateYourself.jpg,1678224457,
692,Funeral,692.Funeral.jpg,1678308819,
693,Serfs,693.Serfs.jpg,1678376877,
694,Recursive Loss,694.RecursiveLoss.jpg,1678400951,
695,Simulation,695.Simulation.jpg,1678455126,
696,Seasonal Affective Disorder,696.SeasonalAffectiveDisorder.jpg,1678569500,
697,Big Clown,697.BigClown.jpg,1678622542,
698,Bullet Psychiatrist,698.BulletPsychiatrist.jpg,1678743494,
699,Run On My Ass,699.RunOnMyAss.jpg,1678746584,
700,Cum Fight,700.CumFight.jpg,1678827642,
701,Old Cartoons,701.OldCartoons.jpg,1678913552,
702,Blade Runner,702.BladeRunner.jpg,1678994507,
703,Irish Guys,703.IrishGuys.jpg,1679061918,
704,Human Centipede,704.HumanCentipede.jpg,1679176837,
705,Jack It Out,705.JackItOut.jpg,1679261865,
706,Lemonade Stand,706.LemonadeStand.jpg,1679267836,
707,I Don't Feel Like A Person 1,707.IDon'tFeelLikeAPerson1.jpg,1679417739,
708,I Don't Feel Like A Person 2,708.IDon'tFeelLIkeAPerson2.jpg,1679417818,
709,I Don't Feel Like A Person 3,709.IDon'tFeelLikeAPerson3.jpg,1679418006,
710,I Don't Feel Like A Person 4,710.IDon'tFeelLikeAPerson4.jpg,1679418374,
711,"100,000 Followers","711.100,000Followers.jpg",1679487479,
712,Adventure Time Face,712.AdventureTimeFace.jpg,1679584122,
713,Parachute,713.Parachute.jpg,1679675470,
714,Lazy Joke,714.LazyJoke.jpg,1679759900,
715,Gun Owner,715.GunOwner.jpg,1679855939,
716,Robot Grindr,716.RobotGrindr.jpg,1679916758,
717,Genuine Praise,717.GenuinePraise.jpg,1680019246,
718,Black Mirror,718.BlackMirror.jpg,1680021125,
719,Chicago Style,719.ChicagoStyle.jpg,1680103392,
720,Sentient Back,720.SentientBack.jpg,1680174170,
721,Hasbulla,721.Hasbulla.jpg,1680292024,
722,American Dad,722.AmericanDad.jpg,1680453771,
723,Joylessness,723.Joylessness.jpg,1680536245,
724,3D Printer,724.3DPrinter.jpg,1680620069,
725,Speed Bag,725.SpeedBag.jpg,1680711768,
726,Dirty Bong,726.DirtyBong.jpg,1681997210,
727,Radicalization,727.Radicalization.jpg,1682076035,
728,Shy Guy,728.ShyGuy.jpg,1682172571,
729,Here's Johnny,729.Here'sJohnny.jpg,1682265380,
730,Brain Zaps,730.BrainZaps.jpg,1682370905,
731,Youtube Drama,731.YoutubeDrama.jpg,1682430291,
732,Sexy Thoughts,732.SexyThoughts.jpg,1682536873,
733,Bambi,733.Bambi.jpg,1682540971,
734,New Hole,734.NewHole.jpg,1682628950,
735,Family Circus,735.FamilyCircus.jpg,1682790701,
736,Panic Attack,736.PanicAttack.jpg,1682808060,
737,Friends,737.Friends.jpg,1683045465,
738,Brass Quintet,738.BrassQuintet.jpg,1683150376,
739,Nightclub Magician,739.NightclubMagician.jpg,1683211213,
740,Mr Rogers,740.MrRogers.jpg,1683224874,
741,Webster'S Dictionary,741.Webster'sDictionary.jpg,1683420452,
742,Voting,742.Voting.jpg,1683506989,
743,Mayor Sash,743.MayorSash.jpg,1683575040,
744,Dressing Fashionably,744.DressingFashionably.jpg,1683643341,
745,Spin Dash,745.SpinDash.jpg,1683753200,
746,Jack Black,746.JackBlack.jpg,1683836951,
747,One Piece Back Stories,747.OnePieceBackStories.jpg,1683900220,
748,Tears of the Kingdom,748.TearsoftheKingdom.jpg,1683982675,
749,King of Therapy,749.KingofTherapy.jpg,1684155823,
750,Eyepatch,750.Eyepatch.jpg,1684250525,
751,Summoning Salt,751.SummoningSalt.jpg,1684337584,
752,Shapeshifter,752.Shapeshifter.jpg,1684415760,
753,Back Pain,753.BackPain.jpg,1684541931,
754,Perfect Day,754.PerfectDay.jpg,1684605582,
755,Hamster Ball,755.HamsterBall.jpg,1684635592,
756,Ren Faire,756.RenFaire.jpg,1684685532,
757,Why I Am Banned From Roast Battles,757.WhyIAmBannedFromRoastBattles.jpg,1684777716,
758,Torvald,758.Torvald.jpg,1684930351,
759,The Mountain,759.TheMountain.jpg,1684970518,
760,Goodnight Bionicles,760.Goodnight Bionicles.jpg,1685196895,
761,Young Mc Cheese,761.YoungMcCheese.jpg,1685292390,
762,Hot Ones,762.HotOnes.jpg,1685460965,
763,Zooming Out,763.ZoomingOut.jpg,1685550374,
764,Pride Month,764.PrideMonth.jpg,1685649570,
765,The Pleasure Button,765.ThePleasureButton.jpg,1685806643,
766,Three Kids In a Trenchcoat,766.ThreeKidsInATrenchcoat.jpg,1685978660,
767,Plato's Cave,767.Plato'sCave.jpg,1686154771,
768,Phone Bad,768.PhoneBad.jpg,1686410755,
769,Hank Hill,769.HankHill.jpg,1686500399,
770,Binary Fission,770.BinaryFission.jpg,1686601247,
771,Crash,771.Crash.jpg,1686673010,
772,Danny Boy,772.DannyBoy.jpg,1686746985,
773,British Street Gang,773.BritishStreetGang.jpg,1686934962,
774,Sad Kevin,774.SadKevin.jpg,1687093783,
775,Thumbnail Face,775.ThumbnailFace.jpg,1687188682,
776,Embarrassing Memory,776.EmbarrassingMemory.jpg,1687299857,
777,Nightcall,777.Nightcall.jpg,1689340844,
778,Ol Jimmy,778.OlJimmy.jpg,1689431385,
779,Resume Gap,779.ResumeGap.jpg,1689609083,
780,Slash'S Hat,780.Slash'sHat.jpg,1689691064,
781,John Cena,781.JohnCena.jpg,1689857021,
782,Ponytail,782.Ponytail.jpg,1690238176,
783,Buscemi Eyes,783.BuscemiEyes.jpg,1690297736,
784,Baby Shoes,784.BabyShoes.jpg,1690496130,
785,Priorities,785.Priorities.jpg,1690579699,
786,Sleeper Hold,786.SleeperHold.jpg,1690816320,
787,Edible,787.Edible.jpg,1690920591,
788,Dracula Planet,788.DraculaPlanet.jpg,1690987473,
789,Angel and Devil,789.AngelandDevil.jpg,1691363825,
790,Improv Hostages,790.ImprovHostages.jpg,1691503695,
791,Privacy,791.Privacy.jpg,1691758144,
792,Porpo,792.Porpo.jpg,1692115543,
793,Drawing Blood,793.DrawingBlood.jpg,1692202529,
794,Meteor,794.Meteor.jpg,1692368858,
795,Calming Technique,795.CalmingTechnique.jpg,1692464553,
796,Art Gallery,796.ArtGallery.jpg,1692832257,
797,Dumped,797.Dumped.jpg,1692893253,
798,Infinite Recursion,798.InfiniteRecursion.jpg,1694607040,
799,Rei Ayanami,799.ReiAyanami.jpg,1694697504,
800,Conflict Resolution,800.ConflictResolution.jpg,1694873517,
801,Lost in Thought,801.LostinThought.jpg,1694882461,
802,Morticians,802.Morticians.jpg,1695043270,
803,Pairings,803.Pairings.jpg,1695053779,
804,Junji Itovs American Football,804.JunjiItovsAmericanFootball.jpg,1695229984,
805,Estro-Gan,805.Estro-Gan.jpg,1722519982,
806,Hot Luigi,806.HotLuigi.jpg,1733789984,
807,Save Me,807.SaveMe.jpg,1736265210,
808,Adventures,808.Adventures.jpg,1736602159,
809,Nosferatu,809.Nosferatu.jpg,1736780107,
810,The Boxer,810.TheBoxer.jpg,1739358677,
811,Jewish Mother,811.JewishMother.jpg,1742062781,
812,Raised by Whales,812.RaisedbyWhales.jpg,1743160561,
813,Trollish Susan,813.TrollishSusan.jpg,1743857780,
814,Voter ID,814.VoterID.jpg,1745859990,
815,Drag Last Meal,815.DragLastMeal.jpg,1746212361,
816,New Pope,816.NewPope.jpg,1746735188,
817,Who Goes There,817.WhoGoesThere.jpg,1748525573,
818,Specific Expression 53,818.SpecificExpression53.jpg,1748541608,
819,Neologism,819.Neologism.jpg,1748701498,
820,Typical Lesbian Relationship,820.TypicalLesbianRelationship.jpg,1749294682,
821,Jock,821.Jock.jpg,1751477047,
822,Generational Warfare,822.GenerationalWarfare.jpg,1752436089,
823,Clocked,823.Clocked.jpg,2025-07-25,
824,Inspiring Message,824.InspiringMessage.jpg,2025-07-26,
